[
  {
    "id": "c558cdc5-58c2-4e63-89a9-9b4e37f18e57",
    "data": [
      {
        "text": "yes",
        "userDefined": false
      }
    ],
    "isTemplate": false,
    "count": 0,
    "updated": 1529237735
  },
  {
    "id": "fe3a402f-34ce-4a8e-b46a-2042b7af99e2",
    "data": [
      {
        "text": "sure",
        "userDefined": false
      }
    ],
    "isTemplate": false,
    "count": 2,
    "updated": 1529237735
  },
  {
    "id": "143a44ae-cd11-4b86-905b-cbbc7947aed9",
    "data": [
      {
        "text": "okay",
        "userDefined": false
      }
    ],
    "isTemplate": false,
    "count": 0,
    "updated": 1529237735
  },
  {
    "id": "cd297635-9807-42fb-8b87-daa3312d678d",
    "data": [
      {
        "text": "of course",
        "userDefined": false
      }
    ],
    "isTemplate": false,
    "count": 0,
    "updated": 1529237735
  },
  {
    "id": "394ee792-212e-41a8-b1e3-123974bbabe4",
    "data": [
      {
        "text": "ok",
        "userDefined": false
      }
    ],
    "isTemplate": false,
    "count": 0,
    "updated": 1529237735
  },
  {
    "id": "98266554-f364-47e9-9eea-3fe6a90943bc",
    "data": [
      {
        "text": "sounds good",
        "userDefined": false
      }
    ],
    "isTemplate": false,
    "count": 0,
    "updated": 1529237735
  },
  {
    "id": "ff68590c-24f9-466e-af3d-f7795ec4136b",
    "data": [
      {
        "text": "confirm",
        "userDefined": false
      }
    ],
    "isTemplate": false,
    "count": 1,
    "updated": 1529237735
  },
  {
    "id": "15d448fa-f2aa-4628-b283-78293f1013c7",
    "data": [
      {
        "text": "that\u0027s correct",
        "userDefined": false
      }
    ],
    "isTemplate": false,
    "count": 0,
    "updated": 1529237735
  },
  {
    "id": "8138cb90-d4f0-4b4d-ae9c-d8a02458a428",
    "data": [
      {
        "text": "exactly",
        "userDefined": false
      }
    ],
    "isTemplate": false,
    "count": 1,
    "updated": 1529237735
  }
]