[
  {
    "id": "102c95f3-9dc8-445f-9690-9f1f55e7f9e7",
    "data": [
      {
        "text": "No I\u0027m done",
        "userDefined": false
      }
    ],
    "isTemplate": false,
    "count": 0,
    "updated": 1529245689
  },
  {
    "id": "ffc5e8cd-ed70-42d9-ba0f-30919e056eec",
    "data": [
      {
        "text": "Done",
        "userDefined": false
      }
    ],
    "isTemplate": false,
    "count": 0,
    "updated": 1529187687
  },
  {
    "id": "afad0382-38a4-4c21-adcc-0a1977ba102c",
    "data": [
      {
        "text": "That\u0027s all",
        "userDefined": false
      }
    ],
    "isTemplate": false,
    "count": 0,
    "updated": 1529187687
  },
  {
    "id": "bb4d1697-4c5c-408d-aa02-4cf64defa8c6",
    "data": [
      {
        "text": "I\u0027m done",
        "userDefined": false
      }
    ],
    "isTemplate": false,
    "count": 0,
    "updated": 1529187687
  },
  {
    "id": "592b7026-0c40-4734-a36b-0c5f5fc5b615",
    "data": [
      {
        "text": "No",
        "userDefined": false
      }
    ],
    "isTemplate": false,
    "count": 0,
    "updated": 1529187687
  },
  {
    "id": "0e10c6e1-7bc6-4f3c-9f9e-1a205468f389",
    "data": [
      {
        "text": "not interested",
        "userDefined": false
      }
    ],
    "isTemplate": false,
    "count": 0,
    "updated": 1529187687
  },
  {
    "id": "a967b206-3b19-4f17-8593-d5f5f23960e0",
    "data": [
      {
        "text": "I don\u0027t think so",
        "userDefined": false
      }
    ],
    "isTemplate": false,
    "count": 0,
    "updated": 1529187687
  },
  {
    "id": "b282a54a-7e14-4faa-955e-b5c79938ee69",
    "data": [
      {
        "text": "definitely not",
        "userDefined": false
      }
    ],
    "isTemplate": false,
    "count": 1,
    "updated": 1529187687
  }
]