[
  {
    "id": "34dd62ba-4328-458b-98a7-7b58faa619a9",
    "data": [
      {
        "text": "chatbot",
        "userDefined": false
      }
    ],
    "isTemplate": false,
    "count": 0,
    "updated": 1529239907
  },
  {
    "id": "40f611d8-e238-4a46-8e17-8da88d78880f",
    "data": [
      {
        "text": "I attended a ",
        "userDefined": false
      },
      {
        "text": "hackathon",
        "meta": "@sys.ignore",
        "userDefined": false
      },
      {
        "text": " in ",
        "userDefined": false
      },
      {
        "text": "Zurich",
        "alias": "location",
        "meta": "@sys.geo-city",
        "userDefined": false
      },
      {
        "text": " ",
        "userDefined": false
      },
      {
        "text": "on Saturday",
        "alias": "date",
        "meta": "@sys.date",
        "userDefined": false
      }
    ],
    "isTemplate": false,
    "count": 0,
    "updated": 1529237313
  },
  {
    "id": "00d0ac7c-839b-4776-b15c-36a7ef03bb2b",
    "data": [
      {
        "text": "I was listening to a ",
        "userDefined": false
      },
      {
        "text": "talk",
        "meta": "@sys.ignore",
        "userDefined": false
      },
      {
        "text": " by ",
        "userDefined": false
      },
      {
        "text": "John",
        "alias": "given-name",
        "meta": "@sys.given-name",
        "userDefined": false
      },
      {
        "text": " ",
        "userDefined": false
      },
      {
        "text": "Smith",
        "alias": "last-name",
        "meta": "@sys.last-name",
        "userDefined": false
      },
      {
        "text": ".",
        "userDefined": false
      }
    ],
    "isTemplate": false,
    "count": 0,
    "updated": 1529237313
  },
  {
    "id": "1be7b77c-b42f-47fc-9bb3-d84bb9186181",
    "data": [
      {
        "text": "I was ",
        "userDefined": false
      },
      {
        "text": "meeting",
        "meta": "@sys.ignore",
        "userDefined": false
      },
      {
        "text": " with some investors in ",
        "userDefined": false
      },
      {
        "text": "London",
        "alias": "location",
        "meta": "@sys.geo-city",
        "userDefined": false
      },
      {
        "text": ".",
        "userDefined": false
      }
    ],
    "isTemplate": false,
    "count": 0,
    "updated": 1529237313
  },
  {
    "id": "b63df5a0-75be-4963-ac2c-6f0d3299af43",
    "data": [
      {
        "text": "I was at a ",
        "userDefined": false
      },
      {
        "text": "meeting",
        "meta": "@sys.ignore",
        "userDefined": false
      },
      {
        "text": " in ",
        "userDefined": false
      },
      {
        "text": "Zurich",
        "alias": "location",
        "meta": "@sys.geo-city",
        "userDefined": false
      }
    ],
    "isTemplate": false,
    "count": 0,
    "updated": 1529237313
  },
  {
    "id": "6be75330-07b2-461f-b5c1-a77c00c50e6e",
    "data": [
      {
        "text": "I was listening to a ",
        "userDefined": false
      },
      {
        "text": "talk",
        "meta": "@sys.ignore",
        "userDefined": false
      },
      {
        "text": " ",
        "userDefined": false
      },
      {
        "text": "this afternoon",
        "alias": "time-period",
        "meta": "@sys.time-period",
        "userDefined": false
      }
    ],
    "isTemplate": false,
    "count": 0,
    "updated": 1529237313
  },
  {
    "id": "0158e9db-929c-4251-bd92-63fb595b0fa0",
    "data": [
      {
        "text": "I was at a ",
        "userDefined": false
      },
      {
        "text": "meeting",
        "meta": "@sys.ignore",
        "userDefined": false
      },
      {
        "text": " earlier ",
        "userDefined": false
      },
      {
        "text": "today",
        "alias": "date",
        "meta": "@sys.date",
        "userDefined": false
      },
      {
        "text": ".",
        "userDefined": false
      }
    ],
    "isTemplate": false,
    "count": 0,
    "updated": 1529237313
  },
  {
    "id": "d09df882-b778-4267-b018-32d0e5a06c98",
    "data": [
      {
        "text": "I\u0027d like to take a note about a ",
        "userDefined": false
      },
      {
        "text": "meeting",
        "meta": "@sys.ignore",
        "userDefined": false
      }
    ],
    "isTemplate": false,
    "count": 0,
    "updated": 1529237313
  },
  {
    "id": "79f8b989-e05e-4b34-a8ed-9da6b5d5c52a",
    "data": [
      {
        "text": "I\u0027m at a ",
        "userDefined": false
      },
      {
        "text": "conference",
        "meta": "@sys.ignore",
        "userDefined": false
      }
    ],
    "isTemplate": false,
    "count": 0,
    "updated": 1529237313
  },
  {
    "id": "01c01287-6f53-41fb-a9e5-214a846a9d65",
    "data": [
      {
        "text": "Can you help me remember some details about a ",
        "userDefined": false
      },
      {
        "text": "meeting",
        "meta": "@sys.ignore",
        "userDefined": false
      },
      {
        "text": "?",
        "userDefined": false
      }
    ],
    "isTemplate": false,
    "count": 0,
    "updated": 1529237313
  },
  {
    "id": "58343150-a404-450b-bd5f-c3d1cec830e7",
    "data": [
      {
        "text": "I just heard a ",
        "userDefined": false
      },
      {
        "text": "talk",
        "meta": "@sys.ignore",
        "userDefined": false
      },
      {
        "text": ".",
        "userDefined": false
      }
    ],
    "isTemplate": false,
    "count": 0,
    "updated": 1529237313
  },
  {
    "id": "541bb7fa-9e6f-4b66-9459-e5e376e85aeb",
    "data": [
      {
        "text": "I just went to a ",
        "userDefined": false
      },
      {
        "text": "meeting",
        "meta": "@sys.ignore",
        "userDefined": false
      }
    ],
    "isTemplate": false,
    "count": 0,
    "updated": 1529237313
  },
  {
    "id": "e19d91eb-8b09-47f1-a597-d9223975a658",
    "data": [
      {
        "text": "I\u0027m attending a ",
        "userDefined": false
      },
      {
        "text": "meeting",
        "meta": "@sys.ignore",
        "userDefined": false
      }
    ],
    "isTemplate": false,
    "count": 0,
    "updated": 1529237313
  }
]