[
  {
    "id": "ee802b31-3a20-4221-be7a-63c06ccdb555",
    "data": [
      {
        "text": "chatbot",
        "userDefined": false
      }
    ],
    "isTemplate": false,
    "count": 0,
    "updated": 1529239881
  },
  {
    "id": "6f528d89-07de-48a2-8ad6-38080d5c1f42",
    "data": [
      {
        "text": "I had an ",
        "userDefined": false
      },
      {
        "text": "idea",
        "meta": "@sys.ignore",
        "userDefined": false
      },
      {
        "text": " when flying to ",
        "userDefined": false
      },
      {
        "text": "Paris",
        "alias": "geo-city",
        "meta": "@sys.geo-city",
        "userDefined": false
      }
    ],
    "isTemplate": false,
    "count": 0,
    "updated": 1529237248
  },
  {
    "id": "87be13b8-56dc-485e-ba43-8a245ef8ef4d",
    "data": [
      {
        "text": "I had an ",
        "userDefined": false
      },
      {
        "text": "idea",
        "meta": "@sys.ignore",
        "userDefined": false
      },
      {
        "text": " ",
        "userDefined": false
      },
      {
        "text": "this afternoon",
        "alias": "time-period",
        "meta": "@sys.time-period",
        "userDefined": false
      },
      {
        "text": ".",
        "userDefined": false
      }
    ],
    "isTemplate": false,
    "count": 0,
    "updated": 1529237248
  },
  {
    "id": "cdb2504f-d1eb-43a6-b8cd-6d5e84bf5130",
    "data": [
      {
        "text": "I was ",
        "userDefined": false
      },
      {
        "text": "brainstorming",
        "meta": "@sys.ignore",
        "userDefined": false
      },
      {
        "text": " a new ",
        "userDefined": false
      },
      {
        "text": "idea",
        "meta": "@sys.ignore",
        "userDefined": false
      }
    ],
    "isTemplate": false,
    "count": 0,
    "updated": 1529237248
  },
  {
    "id": "f0a2aeb5-3828-4fbb-b2fd-b06d861a41b5",
    "data": [
      {
        "text": "I was ",
        "userDefined": false
      },
      {
        "text": "thinking",
        "meta": "@sys.ignore",
        "userDefined": false
      },
      {
        "text": " about something.",
        "userDefined": false
      }
    ],
    "isTemplate": false,
    "count": 0,
    "updated": 1529237248
  },
  {
    "id": "99189540-5540-43a1-93ba-7ee8a97248b3",
    "data": [
      {
        "text": "I had a ",
        "userDefined": false
      },
      {
        "text": "thought",
        "meta": "@sys.ignore",
        "userDefined": false
      },
      {
        "text": ".",
        "userDefined": false
      }
    ],
    "isTemplate": false,
    "count": 0,
    "updated": 1529237248
  },
  {
    "id": "ab20f8f6-56b4-444e-9168-4778df586077",
    "data": [
      {
        "text": "I had an ",
        "userDefined": false
      },
      {
        "text": "idea",
        "meta": "@sys.ignore",
        "userDefined": false
      },
      {
        "text": ".",
        "userDefined": false
      }
    ],
    "isTemplate": false,
    "count": 0,
    "updated": 1529237248
  }
]