[
  {
    "id": "7661f9a2-2ab0-4c0b-893e-e4b9fd7ef303",
    "data": [
      {
        "text": "A ",
        "userDefined": false
      },
      {
        "text": "meeting",
        "alias": "classType",
        "meta": "@classType",
        "userDefined": false
      }
    ],
    "isTemplate": false,
    "count": 0,
    "updated": 1529236593
  },
  {
    "id": "3981fe36-7a4b-4516-875a-22561c5e5926",
    "data": [
      {
        "text": "An ",
        "userDefined": false
      },
      {
        "text": "idea",
        "alias": "classType",
        "meta": "@classType",
        "userDefined": false
      }
    ],
    "isTemplate": false,
    "count": 0,
    "updated": 1529236415
  },
  {
    "id": "394718ee-0d51-45a7-8ae2-b9ef7c61f24f",
    "data": [
      {
        "text": "A ",
        "userDefined": false
      },
      {
        "text": "thought",
        "alias": "classType",
        "meta": "@classType",
        "userDefined": false
      }
    ],
    "isTemplate": false,
    "count": 0,
    "updated": 1529236415
  },
  {
    "id": "e1337532-5a3f-4cc9-95a3-982fbc495a5c",
    "data": [
      {
        "text": "A ",
        "userDefined": false
      },
      {
        "text": "conversation",
        "alias": "classType",
        "meta": "@classType",
        "userDefined": false
      }
    ],
    "isTemplate": false,
    "count": 0,
    "updated": 1529236415
  },
  {
    "id": "707d79d6-2428-47ed-9cfe-584b44b6a702",
    "data": [
      {
        "text": "A ",
        "userDefined": false
      },
      {
        "text": "discussion",
        "alias": "classType",
        "meta": "@classType",
        "userDefined": false
      }
    ],
    "isTemplate": false,
    "count": 0,
    "updated": 1529236415
  },
  {
    "id": "dbd86b8f-e130-47ee-9928-04276f9203fe",
    "data": [
      {
        "text": "A ",
        "userDefined": false
      },
      {
        "text": "talk",
        "alias": "classType",
        "meta": "@classType",
        "userDefined": false
      }
    ],
    "isTemplate": false,
    "count": 0,
    "updated": 1529236415
  },
  {
    "id": "e84db3f5-bf80-420e-9d2d-4d8cb9d3ea96",
    "data": [
      {
        "text": "An ",
        "userDefined": false
      },
      {
        "text": "event",
        "alias": "classType",
        "meta": "@classType",
        "userDefined": false
      }
    ],
    "isTemplate": false,
    "count": 0,
    "updated": 1529236415
  },
  {
    "id": "759c0048-3162-4d1c-b5c2-b42a14fe2cbe",
    "data": [
      {
        "text": "A ",
        "userDefined": false
      },
      {
        "text": "hackathon",
        "alias": "classType",
        "meta": "@classType",
        "userDefined": false
      }
    ],
    "isTemplate": false,
    "count": 0,
    "updated": 1529236415
  }
]