[
  {
    "id": "48e0b525-076a-426f-9270-a0ca43650f61",
    "data": [
      {
        "text": "okay",
        "userDefined": false
      }
    ],
    "isTemplate": false,
    "count": 0,
    "updated": 1529182594
  },
  {
    "id": "43deb9cc-9469-4d21-afbc-29e2805758f9",
    "data": [
      {
        "text": "of course",
        "userDefined": false
      }
    ],
    "isTemplate": false,
    "count": 0,
    "updated": 1529182594
  },
  {
    "id": "fe370f3d-2096-472c-aaa9-bdf89a3124c0",
    "data": [
      {
        "text": "ok",
        "userDefined": false
      }
    ],
    "isTemplate": false,
    "count": 0,
    "updated": 1529182594
  },
  {
    "id": "132cdcef-204e-40e4-8f43-1db0150310d4",
    "data": [
      {
        "text": "confirm",
        "userDefined": false
      }
    ],
    "isTemplate": false,
    "count": 1,
    "updated": 1529182594
  },
  {
    "id": "70a7cb28-36c9-4109-974b-a059546dd9a1",
    "data": [
      {
        "text": "that\u0027s correct",
        "userDefined": false
      }
    ],
    "isTemplate": false,
    "count": 0,
    "updated": 1529182594
  },
  {
    "id": "3e7a0442-c8e5-4b32-a156-f5d60e8425a5",
    "data": [
      {
        "text": "yes",
        "userDefined": false
      }
    ],
    "isTemplate": false,
    "count": 0,
    "updated": 1529182594
  },
  {
    "id": "0abbf360-5630-47b0-82f5-beceb4a0ac77",
    "data": [
      {
        "text": "sure",
        "userDefined": false
      }
    ],
    "isTemplate": false,
    "count": 2,
    "updated": 1529182594
  }
]