[
  {
    "id": "f6387d71-6b10-401e-882d-3a207504c92b",
    "data": [
      {
        "text": "No I\u0027m done",
        "userDefined": false
      }
    ],
    "isTemplate": false,
    "count": 0,
    "updated": 1529245770
  },
  {
    "id": "6d2e68b2-6974-4cb2-841a-3dd33d3acba4",
    "data": [
      {
        "text": "I\u0027m ",
        "userDefined": false
      },
      {
        "text": "finished",
        "alias": "endPhrase",
        "meta": "@endPhrase",
        "userDefined": false
      }
    ],
    "isTemplate": false,
    "count": 0,
    "updated": 1529245770
  },
  {
    "id": "fd568f62-148d-4f0e-a79d-b96ed7d4c3f6",
    "data": [
      {
        "text": "nope",
        "userDefined": false
      }
    ],
    "isTemplate": false,
    "count": 0,
    "updated": 1529245770
  },
  {
    "id": "36b85fe0-8246-410a-9cee-f47100bc557a",
    "data": [
      {
        "text": "I\u0027m ",
        "userDefined": false
      },
      {
        "text": "done",
        "alias": "endPhrase",
        "meta": "@endPhrase",
        "userDefined": false
      }
    ],
    "isTemplate": false,
    "count": 0,
    "updated": 1529245770
  },
  {
    "id": "42f6e763-189f-4f51-8654-c12229648fb0",
    "data": [
      {
        "text": "not really",
        "userDefined": false
      }
    ],
    "isTemplate": false,
    "count": 0,
    "updated": 1529245770
  },
  {
    "id": "5b43eb9b-46e5-43c3-8752-f2cdbe62685e",
    "data": [
      {
        "text": "no",
        "userDefined": false
      }
    ],
    "isTemplate": false,
    "count": 1,
    "updated": 1529245770
  }
]